Income,Age,Total_Spend,Total_Purchases,Customer_Tenure,Cluster
58138.0,69,1617,22,5096.0,1
46344.0,72,27,4,4250.0,0
71613.0,61,776,20,4648.0,1
26646.0,42,53,6,4190.0,0
58293.0,45,422,14,4648.0,0
62513.0,59,716,20,4578.0,1
55635.0,55,590,17,4648.0,0
33454.0,41,169,8,4613.0,2
30351.0,52,46,5,4673.0,2
5648.0,76,49,1,4648.0,2
51381.5,43,19,3,4648.0,2
7500.0,50,61,5,4648.0,2
63033.0,67,1102,15,4648.0,1
59354.0,74,310,12,4648.0,0
17323.0,39,46,4,4912.0,2
82800.0,80,1315,25,4648.0,1
41850.0,46,96,6,4648.0,2
37760.0,80,317,11,4648.0,0
76995.0,77,1782,24,4648.0,1
33812.0,41,133,6,5125.0,2
37040.0,44,316,11,4975.0,2
2447.0,47,1730,28,4678.0,1
58607.0,77,972,14,4648.0,1
65324.0,72,544,17,4160.0,0
40689.0,75,444,13,4648.0,0
18589.0,57,75,6,4798.0,2
53359.0,50,257,10,4648.0,2
51381.5,40,637,27,4648.0,1
38360.0,37,131,7,4648.0,2
84618.0,61,1672,25,4648.0,1
10979.0,37,30,6,4648.0,2
38620.0,63,318,10,4521.0,0
40548.0,56,120,7,4912.0,2
46610.0,74,302,11,4648.0,0
68657.0,80,1196,17,4648.0,1
49389.0,75,65,5,4648.0,0
67353.0,56,913,23,4648.0,1
23718.0,50,81,6,4790.0,2
42429.0,53,67,5,4159.0,0
48948.0,83,902,22,4828.0,1
80011.0,46,1395,19,4648.0,1
20559.0,41,53,5,4493.0,2
21994.0,69,22,3,4648.0,2
51381.5,67,186,8,4699.0,0
7500.0,51,31,5,4789.0,2
79941.0,50,984,15,4648.0,1
7500.0,30,122,7,4941.0,2
41728.0,58,55,4,4648.0,2
51381.5,75,124,7,4464.0,0
72550.0,72,1319,19,4972.0,1
65486.0,69,507,16,4126.0,0
79143.0,62,1693,28,4883.0,1
35790.0,49,72,5,4798.0,2
82582.0,49,1617,20,4278.0,1
66373.0,48,606,16,4490.0,0
82384.0,71,1957,26,4648.0,1
70287.0,60,1093,20,4795.0,1
27938.0,38,29,5,4648.0,2
51381.5,44,46,5,4648.0,2
55954.0,58,518,16,4403.0,0
75777.0,44,1438,20,4733.0,1
66653.0,51,612,18,5005.0,1
61823.0,74,884,20,4648.0,1
67680.0,75,606,18,4520.0,0
70666.0,78,1076,15,4667.0,1
25721.0,55,34,4,4648.0,2
32474.0,59,11,3,4156.0,0
88194.0,47,1274,31,4648.0,1
69096.0,68,653,17,4648.0,1
74854.0,56,1562,12,4614.0,1
66991.0,72,1253,18,4882.0,1
51381.5,53,109,6,4648.0,2
65031.0,67,863,26,4648.0,1
60631.0,51,661,19,4706.0,1
28332.0,74,65,7,4648.0,2
40246.0,49,13,3,4648.0,2
75251.0,54,1890,18,4648.0,1
75825.0,50,2209,22,4851.0,1
26326.0,50,18,3,4731.0,2
56046.0,61,692,19,4798.0,1
29760.0,41,165,8,4648.0,2
26304.0,57,16,3,4648.0,2
23559.0,53,79,6,4764.0,2
81361.0,39,778,26,4648.0,1
29440.0,66,56,5,4518.0,0
36138.0,56,151,8,4648.0,2
50388.0,69,372,13,4648.0,0
79593.0,53,1366,18,4126.0,0
54178.0,59,194,9,4648.0,0
51381.5,69,603,17,4648.0,0
51381.5,69,18,3,4648.0,2
51381.5,53,985,14,4648.0,1
42394.0,54,32,4,4648.0,2
23626.0,56,43,7,4648.0,2
30096.0,43,45,5,4648.0,2
47916.0,66,606,17,4648.0,0
51813.0,54,63,5,4522.0,0
78497.0,75,978,24,4818.0,1
50150.0,43,410,14,4648.0,2
47823.0,66,72,5,4648.0,2
34554.0,67,55,5,4648.0,2
85693.0,47,1169,25,4648.0,1
65846.0,81,1120,15,4648.0,1
87195.0,67,1097,19,4248.0,0
24594.0,47,29,4,4545.0,2
49096.0,62,187,9,4648.0,0
52413.0,57,910,22,4797.0,1
38557.0,48,145,7,4648.0,2
89058.0,66,850,13,5002.0,1
77298.0,47,969,23,4788.0,1
68126.0,35,1820,16,4911.0,1
57288.0,63,608,17,4648.0,0
86037.0,35,730,24,4798.0,1
43974.0,46,551,16,4849.0,2
50785.0,64,114,6,4548.0,0
90765.0,56,1724,15,4648.0,1
36550.0,48,577,15,4648.0,2
30753.0,59,81,5,4519.0,2
21918.0,57,33,5,4648.0,2
56129.0,73,660,18,4648.0,1
32557.0,59,80,6,4648.0,2
19510.0,41,30,4,4731.0,2
30992.0,50,43,4,4648.0,2
101970.0,43,1135,27,4493.0,1
71488.0,61,559,14,4648.0,0
79607.0,42,1923,15,4648.0,1
54348.0,73,90,6,4247.0,0
51381.5,65,404,14,4519.0,0
77376.0,70,661,19,4187.0,0
62998.0,74,463,14,4648.0,0
61331.0,68,632,18,4554.0,0
73448.0,57,725,18,4190.0,0
51381.5,63,725,18,4518.0,0
41551.0,62,279,11,4648.0,0
62981.0,59,1482,22,4648.0,1
9548.0,50,29,4,4975.0,2
33762.0,67,106,6,4642.0,2
35860.0,53,49,4,4648.0,2
36921.0,61,38,5,4648.0,2
92859.0,34,2077,21,4648.0,1
65104.0,50,1053,15,4648.0,1
86111.0,64,1385,22,4648.0,1
68352.0,52,871,22,4648.0,1
41883.0,38,312,9,4648.0,2
59809.0,50,877,12,4648.0,0
23957.0,51,68,5,4648.0,2
38547.0,45,22,3,4648.0,2
35688.0,53,211,9,4648.0,2
49605.0,60,127,7,4648.0,2
59354.0,73,459,15,4648.0,0
65747.0,57,460,15,4281.0,0
46344.0,54,429,13,4648.0,0
34176.0,38,89,7,4126.0,0
61010.0,74,1021,24,4942.0,1
69372.0,77,1381,20,4648.0,1
49967.0,68,306,12,4611.0,0
60199.0,48,18,3,4487.0,0
55375.0,49,162,8,4648.0,2
80317.0,71,1231,17,4648.0,1
30523.0,68,13,3,4823.0,2
70356.0,81,1706,25,5064.0,1
23228.0,42,121,7,4344.0,2
74165.0,51,1293,19,4825.0,1
157243.0,53,1608,22,4462.0,1
43482.0,60,88,6,4648.0,2
62551.0,73,421,17,4648.0,0
52332.0,67,259,11,4648.0,0
66951.0,38,1117,14,4788.0,1
26091.0,69,89,6,4648.0,2
33456.0,61,36,4,4648.0,2
28718.0,44,57,5,4648.0,2
50447.0,56,148,7,4648.0,2
53537.0,67,93,6,4648.0,0
52074.0,59,119,6,4371.0,0
80427.0,51,1835,27,4852.0,1
83837.0,78,1318,24,4648.0,1
38853.0,56,45,5,4648.0,2
38285.0,67,10,3,4648.0,2
51650.0,50,191,9,4156.0,0
16248.0,38,57,6,4187.0,0
66835.0,80,1033,23,4648.0,1
30477.0,42,66,5,4648.0,2
28249.0,65,43,5,4648.0,2
25271.0,43,50,4,5063.0,2
32303.0,56,39,5,4250.0,0
61286.0,60,608,16,4791.0,1
74068.0,50,1581,23,4648.0,1
45759.0,62,68,5,4648.0,2
24882.0,48,80,4,4943.0,2
66973.0,37,1282,27,4648.0,1
36640.0,126,65,5,4648.0,0
38872.0,38,91,6,4648.0,2
51148.0,53,315,12,4648.0,0
31353.0,49,31,4,4648.0,2
69661.0,46,834,22,4648.0,1
80067.0,72,1600,16,4648.0,1
86718.0,72,1270,16,4648.0,1
46854.0,53,263,9,4648.0,2
69142.0,74,535,16,4648.0,0
75922.0,58,1295,17,4575.0,1
63693.0,48,1150,26,4648.0,1
102160.0,49,1240,26,5154.0,1
40637.0,61,38,4,4648.0,2
18890.0,42,35,3,4911.0,2
29604.0,38,53,4,4606.0,2
48721.0,63,293,11,4648.0,0
44794.0,60,65,5,4247.0,0
64497.0,72,1804,24,4913.0,1
46097.0,70,241,10,4648.0,0
77972.0,72,1101,19,4648.0,1
44377.0,58,264,11,5065.0,2
46014.0,52,541,16,4648.0,0
70951.0,41,1198,16,4735.0,1
41443.0,49,482,14,4461.0,0
52195.0,48,17,3,4126.0,0
83790.0,78,1615,24,4648.0,1
44551.0,72,285,10,4648.0,0
69508.0,46,1135,26,4648.0,1
45204.0,38,114,6,4157.0,0
72460.0,57,1047,15,4648.0,1
77622.0,56,714,20,4648.0,1
30732.0,46,185,9,4709.0,2
63887.0,64,1245,27,4974.0,1
42011.0,48,189,8,4648.0,2
51369.0,50,576,14,4648.0,0
51537.0,74,1103,15,4940.0,1
79930.0,54,1753,16,4975.0,1
34320.0,40,17,3,4648.0,2
37070.0,60,433,14,4648.0,0
81975.0,64,1588,13,4709.0,1
38590.0,55,22,3,4648.0,2
15033.0,75,19,4,4648.0,2
62745.0,61,1117,26,4648.0,1
22212.0,51,69,6,4575.0,2
23661.0,44,23,4,4728.0,2
79761.0,68,605,18,4730.0,1
7500.0,53,57,7,4648.0,2
60182.0,133,22,3,4648.0,0
73455.0,58,2088,21,4648.0,1
64961.0,68,1009,14,4648.0,1
22804.0,55,26,4,4648.0,2
73687.0,36,1627,21,4648.0,1
61074.0,68,1102,24,4648.0,1
31686.0,62,17,4,4339.0,0
80134.0,54,1690,14,4648.0,1
75027.0,73,1390,19,4586.0,1
67546.0,38,2126,19,4648.0,1
65176.0,57,1531,21,4648.0,1
31160.0,51,64,5,4648.0,2
29938.0,41,26,4,4648.0,2
102692.0,52,1112,28,4706.0,1
26490.0,68,210,9,4648.0,2
75702.0,59,1148,21,4648.0,1
30899.0,52,33,4,4648.0,2
63342.0,65,1101,16,4648.0,1
45989.0,62,322,12,4648.0,0
18701.0,62,44,6,4734.0,2
40737.0,69,17,3,4606.0,2
15287.0,47,31,4,4912.0,2
69674.0,58,845,22,4648.0,1
44159.0,56,275,11,4648.0,2
37717.0,48,25,3,4648.0,2
43776.0,74,275,11,4769.0,0
38179.0,60,90,7,4648.0,2
80124.0,63,1495,18,4648.0,1
38097.0,56,184,7,4648.0,2
72940.0,56,981,12,4648.0,1
22070.0,56,67,6,4730.0,2
69267.0,73,1635,12,4648.0,1
31788.0,43,60,7,4648.0,2
61905.0,51,231,10,4373.0,0
29315.0,66,48,6,4310.0,0
33378.0,63,99,6,4677.0,2
66313.0,63,770,21,4648.0,1
60714.0,70,957,21,4648.0,1
77882.0,45,818,11,4648.0,1
69867.0,40,925,16,4795.0,1
63841.0,58,908,21,4648.0,1
24480.0,45,102,7,4524.0,2
65640.0,52,461,14,4462.0,0
44319.0,51,37,5,4648.0,2
30631.0,52,70,6,4489.0,2
75278.0,74,930,22,4648.0,1
50898.0,70,859,20,4617.0,1
79946.0,60,1478,21,4126.0,0
35416.0,77,390,13,4648.0,0
32414.0,42,52,4,4733.0,2
38361.0,57,137,7,4648.0,2
82497.0,46,1919,18,4648.0,1
16626.0,55,68,6,4648.0,2
29672.0,61,25,3,4493.0,2
55951.0,74,1374,20,4648.0,1
35388.0,38,32,4,4646.0,2
42386.0,40,100,6,4648.0,2
68627.0,44,825,11,4495.0,0
57912.0,61,916,23,4648.0,1
35246.0,68,62,7,4648.0,2
58821.0,70,728,20,4486.0,0
46377.0,48,90,6,4462.0,0
39747.0,38,273,10,4648.0,2
23976.0,42,66,7,4648.0,2
80950.0,65,1213,22,4648.0,1
27038.0,60,107,6,4648.0,2
77457.0,79,1157,17,4342.0,0
64100.0,62,546,17,4548.0,0
42670.0,34,241,10,4648.0,2
12571.0,50,53,7,4648.0,2
22574.0,59,37,5,4648.0,2
51381.5,37,1611,23,4765.0,1
70893.0,50,1508,22,4677.0,1
54198.0,60,235,10,4648.0,0
28839.0,70,32,5,4158.0,0
40321.0,54,102,6,4648.0,2
66503.0,41,401,13,4648.0,2
30833.0,75,28,4,4648.0,2
51381.5,56,1052,15,4648.0,1
64795.0,55,680,18,4648.0,1
34421.0,52,30,3,4823.0,2
47025.0,61,20,3,4220.0,0
64325.0,65,1307,18,4647.0,1
40464.0,73,630,18,4525.0,0
62187.0,69,1283,17,4703.0,1
14849.0,50,65,6,4792.0,2
27255.0,42,37,4,4638.0,2
54432.0,76,38,4,4582.0,0
29999.0,40,160,8,4648.0,2
24072.0,43,23,3,4648.0,2
33996.0,37,71,5,4517.0,2
66334.0,70,1161,17,4767.0,1
35178.0,55,59,4,4556.0,2
22010.0,43,33,5,4648.0,2
62204.0,66,946,21,4852.0,1
75693.0,58,1442,21,5032.0,1
30675.0,54,62,4,4850.0,2
83003.0,61,1674,21,4768.0,1
83532.0,127,1853,14,4648.0,1
68655.0,38,1538,20,4914.0,1
41411.0,40,139,7,4637.0,2
55212.0,57,1182,17,4648.0,1
59292.0,76,507,16,4648.0,0
27190.0,53,18,3,4648.0,2
82623.0,74,940,15,4546.0,1
44300.0,61,42,4,4648.0,2
84835.0,56,1190,14,4648.0,1
30372.0,55,44,5,4648.0,2
33181.0,50,16,3,4405.0,2
71113.0,69,835,22,4648.0,1
71952.0,40,1443,20,4556.0,1
69759.0,60,1029,15,4648.0,1
72099.0,52,1188,17,4648.0,1
60000.0,50,1277,19,4648.0,1
38643.0,48,49,5,4648.0,2
50737.0,71,99,6,4521.0,0
68462.0,57,1670,14,4849.0,1
65073.0,83,900,13,4648.0,1
46681.0,78,425,14,4608.0,0
78618.0,69,2153,21,4648.0,1
62187.0,57,636,18,4648.0,1
28442.0,48,57,7,4648.0,2
51479.0,59,494,15,4648.0,0
54803.0,57,693,17,4648.0,1
79530.0,66,1348,25,4648.0,1
31615.0,50,51,5,4648.0,2
72025.0,64,1932,15,4648.0,1
52614.0,51,990,14,5184.0,1
35684.0,42,30,4,4648.0,2
48178.0,51,254,10,4648.0,2
29548.0,56,29,4,4648.0,2
63810.0,60,1371,19,4880.0,1
38578.0,54,73,6,4648.0,2
46098.0,51,120,7,4648.0,2
22585.0,56,81,4,4648.0,2
30279.0,37,37,4,4648.0,2
66426.0,65,1377,18,4789.0,1
30822.0,57,51,4,4648.0,2
33581.0,57,17,3,4617.0,2
19986.0,41,22,3,4648.0,2
27421.0,72,324,11,4849.0,2
36143.0,45,19,3,4648.0,2
10245.0,55,41,5,4648.0,2
43795.0,58,492,14,4648.0,0
63381.0,66,1005,22,5065.0,1
38823.0,77,114,6,4648.0,0
83664.0,58,1173,16,4613.0,1
90300.0,47,1738,19,4405.0,1
62499.0,47,222,10,4575.0,0
74293.0,33,1127,15,4370.0,0
51012.0,80,209,9,4648.0,0
70777.0,58,787,20,4648.0,1
68682.0,35,1598,23,4669.0,1
43824.0,55,186,8,4648.0,2
15345.0,42,47,4,4648.0,2
23442.0,39,27,4,4648.0,2
14515.0,46,96,7,4941.0,2
31395.0,70,64,6,4648.0,2
75276.0,61,1040,22,4648.0,1
42373.0,52,163,8,4648.0,2
30507.0,66,343,10,4523.0,0
55521.0,71,446,15,4648.0,0
48006.0,61,41,4,4216.0,0
27213.0,54,70,6,4648.0,2
65808.0,55,272,11,4648.0,0
30351.0,52,46,5,4673.0,2
50437.0,63,490,16,4648.0,0
23616.0,44,79,6,4648.0,2
53858.0,50,915,13,4941.0,1
66465.0,71,1485,32,4648.0,1
46923.0,39,369,13,4648.0,2
75072.0,64,1073,17,4648.0,1
75865.0,83,1242,18,4648.0,1
19789.0,51,78,6,4648.0,2
80134.0,32,1378,20,4648.0,1
91065.0,45,1474,25,4648.0,1
49505.0,55,751,20,4707.0,1
37401.0,53,48,5,4309.0,0
18492.0,44,10,3,4339.0,2
82584.0,52,1435,15,4734.0,1
93027.0,85,2119,22,4648.0,1
48686.0,73,20,3,4728.0,2
92910.0,40,1795,26,4648.0,1
75433.0,37,1188,17,4341.0,0
10404.0,37,43,5,4370.0,2
61314.0,58,1008,22,4648.0,1
84865.0,65,1688,15,4582.0,1
42387.0,37,684,16,4648.0,2
67309.0,59,1082,24,4648.0,1
75236.0,62,1068,24,4648.0,1
30015.0,56,57,5,4432.0,0
50943.0,70,46,4,4648.0,0
67272.0,60,733,20,4648.0,1
51529.0,77,467,15,4640.0,0
32011.0,55,122,7,4648.0,2
7500.0,40,36,5,4647.0,2
28691.0,37,34,4,4733.0,2
56223.0,78,156,8,4648.0,0
18100.0,80,14,3,4671.0,2
20130.0,52,34,4,4648.0,2
23295.0,67,20,3,4648.0,2
42618.0,54,192,9,4577.0,2
81246.0,62,1379,16,4648.0,1
24027.0,50,48,5,4581.0,2
55707.0,73,428,14,4648.0,0
57959.0,71,868,22,4794.0,1
56796.0,57,1001,24,4648.0,1
36230.0,55,59,6,4648.0,2
70829.0,46,431,14,4818.0,1
65991.0,50,971,24,5005.0,1
38988.0,54,348,12,4648.0,2
89572.0,60,2059,23,4648.0,1
42207.0,42,265,10,4826.0,2
50300.0,74,270,11,4648.0,0
66664.0,44,1289,18,4648.0,1
60597.0,62,893,12,4464.0,0
70165.0,77,926,21,4648.0,1
50520.0,68,135,7,4648.0,0
33183.0,51,120,7,4648.0,2
66582.0,57,1288,19,4403.0,1
75261.0,71,1743,16,4648.0,1
31880.0,56,15,3,4648.0,2
53790.0,75,542,17,4311.0,0
49269.0,55,890,22,4648.0,1
61456.0,51,1388,29,4648.0,1
37406.0,46,17,3,4547.0,2
56937.0,45,906,23,5097.0,1
38415.0,48,44,4,4798.0,2
20518.0,38,25,4,4648.0,2
62503.0,70,973,22,4648.0,1
41644.0,54,31,4,4217.0,0
55842.0,49,518,16,4648.0,0
62010.0,54,530,15,4648.0,0
41124.0,49,506,14,4648.0,2
38961.0,53,70,5,4648.0,2
37760.0,54,54,5,4518.0,2
32233.0,52,296,10,4648.0,2
43057.0,51,266,11,4648.0,2
83151.0,66,747,18,4912.0,1
78825.0,62,895,28,4648.0,1
65104.0,50,1053,15,4648.0,1
60093.0,52,735,19,4648.0,1
14045.0,57,20,4,4648.0,2
28457.0,74,205,9,4648.0,0
78952.0,68,2092,19,4648.0,1
46310.0,50,309,12,5124.0,2
76005.0,71,1722,21,4648.0,1
58308.0,62,900,11,4495.0,0
55614.0,82,682,19,4648.0,1
59432.0,64,663,19,4648.0,1
55563.0,48,43,5,4341.0,0
78642.0,55,1816,17,4648.0,1
67911.0,77,976,24,4648.0,1
65275.0,82,746,20,4767.0,1
27203.0,76,64,4,5036.0,2
48330.0,65,32,4,4648.0,2
24279.0,36,263,8,4648.0,2
64355.0,41,1445,19,4648.0,1
53653.0,73,1210,26,5003.0,1
65665.0,50,945,23,4787.0,1
81217.0,37,1157,21,4648.0,1
34935.0,34,137,7,4648.0,2
61250.0,67,730,19,4648.0,1
39665.0,45,216,9,4648.0,2
60152.0,47,943,22,4648.0,1
48920.0,62,347,13,4648.0,0
89120.0,67,1924,18,4648.0,1
44124.0,80,397,13,4521.0,0
81169.0,51,2089,21,4648.0,1
36443.0,65,138,7,4769.0,2
26095.0,36,42,4,4648.0,2
71367.0,67,777,16,4648.0,1
80184.0,82,1902,19,4462.0,1
30630.0,61,52,5,4648.0,2
73454.0,39,1651,12,4462.0,1
42691.0,35,358,12,4648.0,2
70503.0,73,1727,15,4648.0,1
25545.0,39,210,7,4974.0,2
32880.0,40,42,4,5093.0,2
77863.0,68,1291,19,4648.0,1
50353.0,49,442,14,4247.0,0
61839.0,62,1895,16,4853.0,1
49154.0,66,411,13,4760.0,0
47682.0,51,521,15,4648.0,0
72679.0,57,1168,16,4648.0,1
57954.0,49,493,16,4648.0,0
65316.0,64,260,10,4648.0,0
28567.0,44,46,5,4648.0,2
47352.0,75,319,12,4522.0,0
44931.0,59,96,6,4648.0,2
76982.0,59,1062,15,4648.0,1
57247.0,74,232,10,4610.0,0
22944.0,45,76,6,4648.0,2
25315.0,49,54,6,4638.0,2
43638.0,57,201,9,5036.0,2
42710.0,42,406,12,4648.0,2
84169.0,44,1919,19,4641.0,1
54058.0,50,662,18,4734.0,1
24683.0,36,41,6,4250.0,0
85620.0,62,1600,13,4283.0,0
47850.0,46,134,7,4759.0,2
19514.0,58,69,6,4648.0,2
27159.0,53,21,4,4648.0,2
39548.0,63,54,5,4648.0,2
21474.0,37,91,6,4249.0,0
60504.0,55,526,16,4282.0,0
22419.0,63,162,7,4648.0,2
81698.0,77,1008,24,4668.0,1
43462.0,74,240,10,4852.0,2
54880.0,48,795,19,4827.0,1
79908.0,44,1772,18,4706.0,1
15315.0,56,64,6,4763.0,2
87771.0,67,1957,19,4648.0,1
33039.0,48,78,6,4578.0,2
81741.0,46,1572,19,4648.0,1
71499.0,55,795,24,4648.0,1
62466.0,56,889,21,4648.0,1
48799.0,63,331,12,4699.0,0
52157.0,76,265,10,4278.0,0
66565.0,64,1065,15,5063.0,1
29298.0,75,11,3,4640.0,2
47691.0,47,21,3,4703.0,2
38200.0,56,17,3,5002.0,2
44989.0,52,369,11,4852.0,2
38443.0,58,38,4,4648.0,2
38593.0,48,177,8,4648.0,2
64413.0,56,279,11,4822.0,2
36959.0,45,62,5,4789.0,2
61996.0,49,1230,18,4648.0,1
51287.0,58,182,8,4461.0,0
13260.0,56,49,6,4648.0,2
47472.0,60,75,6,4648.0,2
54603.0,70,227,10,4580.0,0
45207.0,52,215,10,4911.0,2
47821.0,59,47,4,4648.0,2
27450.0,75,143,6,4648.0,2
39453.0,43,55,5,4402.0,2
26850.0,55,63,7,4648.0,2
79800.0,71,1867,21,4648.0,1
61794.0,65,611,18,4648.0,1
53863.0,71,473,15,4648.0,0
24221.0,67,55,5,4648.0,2
39684.0,42,81,5,4851.0,2
92163.0,51,2086,21,4849.0,1
69882.0,61,1478,19,4546.0,1
33178.0,49,49,4,4648.0,2
59973.0,54,382,14,4517.0,0
17459.0,51,69,6,4648.0,2
23910.0,57,67,5,4648.0,2
42169.0,57,30,4,4648.0,2
26224.0,48,63,6,4734.0,2
31089.0,45,79,7,4648.0,2
30081.0,65,42,4,4648.0,2
62807.0,66,819,20,4648.0,1
72906.0,71,1151,16,4648.0,1
61467.0,78,594,17,4940.0,1
49618.0,60,129,7,4648.0,2
21888.0,40,213,8,4648.0,2
26150.0,70,28,4,4523.0,0
30801.0,51,45,4,4648.0,2
81168.0,61,1193,17,4279.0,0
26877.0,57,268,10,4648.0,2
45006.0,82,266,11,4648.0,0
18978.0,53,37,4,4879.0,2
48240.0,57,882,22,4941.0,1
45837.0,52,373,13,4648.0,2
35791.0,61,35,4,4674.0,2
162397.0,50,107,1,4765.0,1
54162.0,48,42,4,4648.0,2
30522.0,66,326,12,4648.0,0
54456.0,65,404,14,4519.0,0
31632.0,55,95,5,4648.0,2
72298.0,77,939,13,4189.0,0
36975.0,48,33,4,4648.0,2
72635.0,71,981,20,4765.0,1
13624.0,50,36,5,4648.0,2
84196.0,51,1237,19,4765.0,1
70971.0,66,1825,27,4648.0,1
34487.0,49,103,6,5035.0,2
28769.0,49,191,9,4648.0,2
69084.0,56,1586,23,4648.0,1
65488.0,68,963,13,4648.0,1
32218.0,66,93,6,4648.0,2
83917.0,53,1587,20,4648.0,1
46102.0,64,16,3,4189.0,0
84574.0,74,1375,31,4734.0,1
56181.0,64,393,13,4617.0,0
63120.0,76,1477,21,4648.0,1
73691.0,55,1179,16,4668.0,1
76140.0,78,1348,20,4648.0,1
62859.0,67,1307,19,4648.0,1
45906.0,62,486,13,4644.0,0
77632.0,79,2252,12,4554.0,1
46463.0,55,235,10,4648.0,2
105471.0,56,1724,30,4648.0,1
55282.0,56,235,10,4648.0,0
78710.0,49,1092,25,4648.0,1
66886.0,68,599,15,4648.0,0
98777.0,66,2008,19,4648.0,1
29103.0,41,48,4,4648.0,2
67445.0,52,1174,27,4853.0,1
50616.0,76,67,6,4648.0,0
49431.0,71,365,13,5128.0,2
153924.0,51,6,0,4282.0,0
61278.0,73,165,8,4374.0,0
73059.0,79,1095,25,4648.0,1
46734.0,60,223,8,4648.0,2
56253.0,63,597,18,5002.0,1
58330.0,51,1064,23,4648.0,1
25965.0,46,74,5,5005.0,2
14661.0,70,26,4,4829.0,2
18690.0,67,60,4,4648.0,2
45068.0,52,20,3,4648.0,2
21063.0,39,59,5,4648.0,2
29187.0,58,34,4,4582.0,2
54690.0,55,198,9,4638.0,2
59304.0,62,1048,25,4648.0,1
59247.0,64,574,16,4607.0,0
66731.0,56,1029,13,4852.0,1
77353.0,46,670,18,4648.0,1
26751.0,52,11,3,4648.0,2
81300.0,63,1241,18,4648.0,1
70337.0,47,576,16,4433.0,0
36145.0,41,172,8,4648.0,2
65295.0,46,664,19,4648.0,1
68118.0,63,928,21,4648.0,1
68743.0,59,2074,29,4648.0,1
41039.0,44,467,14,4648.0,2
38946.0,71,257,10,4648.0,0
65777.0,59,1146,16,4648.0,1
66476.0,50,689,18,4646.0,1
86857.0,54,2114,21,4852.0,1
160803.0,44,1717,29,5097.0,1
77845.0,37,1346,20,4648.0,1
69476.0,57,1044,14,4648.0,1
50611.0,66,493,16,5095.0,1
61209.0,56,957,12,4648.0,1
42315.0,68,270,9,4489.0,0
13084.0,74,29,4,4788.0,2
47570.0,77,121,6,4648.0,0
61923.0,65,126,7,4648.0,0
34824.0,31,23,3,4648.0,2
26518.0,77,57,5,4614.0,0
45938.0,65,636,18,4760.0,1
78468.0,66,1004,27,4218.0,1
78901.0,53,734,17,4648.0,1
71427.0,48,614,18,4128.0,0
71022.0,48,1453,18,4159.0,0
90247.0,38,1621,14,4648.0,1
41335.0,58,187,9,4648.0,2
35682.0,56,57,5,4648.0,2
43185.0,75,637,18,4553.0,0
66375.0,78,948,11,4648.0,0
25252.0,40,18,3,4489.0,2
55250.0,61,903,22,4648.0,1
33249.0,51,112,6,4648.0,2
58398.0,73,596,17,4648.0,0
50272.0,44,233,10,4641.0,2
76618.0,51,1511,10,5002.0,1
87305.0,66,1152,16,4648.0,1
25851.0,48,48,5,4524.0,2
58710.0,56,1185,25,4648.0,1
45160.0,68,21,3,4648.0,2
74806.0,61,965,14,4648.0,1
59111.0,72,869,20,4794.0,1
18988.0,42,16,4,4648.0,2
72190.0,61,1947,15,4648.0,1
7500.0,50,71,7,5188.0,2
80395.0,71,1380,23,4648.0,1
75012.0,50,1027,22,4648.0,1
56962.0,61,411,14,4516.0,0
89891.0,35,836,25,4648.0,1
35946.0,77,11,3,4648.0,2
53593.0,73,480,15,5006.0,1
45072.0,78,284,11,4648.0,0
89694.0,53,1472,11,4577.0,1
72025.0,77,1677,25,4648.0,1
67432.0,53,1335,17,4648.0,1
70545.0,74,334,12,4400.0,0
17487.0,37,18,3,4648.0,2
62882.0,57,1338,18,4944.0,1
64108.0,73,1099,26,4648.0,1
34941.0,70,97,6,4676.0,2
48767.0,76,63,6,4464.0,0
38702.0,48,109,7,4822.0,2
82224.0,62,902,20,4648.0,1
83844.0,74,1574,19,4491.0,1
17003.0,51,38,6,4575.0,2
71163.0,31,960,23,4219.0,0
33697.0,56,28,3,4648.0,2
63564.0,72,1215,27,4648.0,1
83443.0,54,1497,21,4648.0,1
51518.0,68,449,15,4761.0,0
80952.0,57,1757,24,4648.0,1
75507.0,47,1440,20,4429.0,1
63855.0,48,1006,23,4585.0,1
62220.0,54,1226,18,4883.0,1
58512.0,62,1171,15,4648.0,1
40662.0,47,92,6,4648.0,2
38829.0,67,99,7,4310.0,0
35523.0,45,66,6,4761.0,2
79146.0,59,564,17,4648.0,1
78285.0,38,1427,20,4648.0,1
31626.0,48,86,5,4552.0,2
75127.0,74,833,18,4648.0,1
48726.0,71,242,9,4648.0,0
74985.0,49,1869,16,4882.0,1
67430.0,39,1364,28,5066.0,1
46891.0,61,183,7,4821.0,2
62058.0,70,450,14,4648.0,0
72063.0,47,758,19,4764.0,1
78939.0,75,1507,19,4484.0,1
42720.0,61,654,17,4648.0,0
33622.0,54,81,6,4648.0,2
6835.0,69,137,1,4971.0,2
41452.0,73,16,3,4676.0,2
40760.0,61,93,6,4648.0,2
74250.0,68,1158,17,4648.0,1
51124.0,71,43,4,4648.0,0
72258.0,55,1525,20,4487.0,1
71466.0,52,1230,18,4341.0,0
36283.0,50,29,4,4648.0,2
20587.0,56,25,4,4156.0,0
30467.0,54,24,3,4648.0,2
31590.0,54,38,4,4648.0,2
20425.0,40,57,5,4648.0,2
17144.0,66,47,7,4648.0,2
42564.0,58,813,18,4798.0,1
43783.0,48,629,16,4648.0,0
40780.0,50,377,13,4974.0,2
62847.0,81,1612,13,4648.0,1
82017.0,69,729,16,5003.0,1
16813.0,76,50,5,4648.0,2
51267.0,48,270,11,4648.0,2
46524.0,65,177,7,4706.0,2
45183.0,64,315,12,4648.0,0
70421.0,72,767,20,4648.0,1
60161.0,61,1071,23,4648.0,1
73926.0,53,1580,23,4796.0,1
19329.0,58,60,7,4648.0,2
61872.0,56,573,17,4648.0,1
46984.0,70,41,4,4648.0,2
34838.0,75,170,7,4648.0,0
82716.0,82,1167,27,4699.0,1
48192.0,68,1526,22,4675.0,1
49681.0,50,458,15,4729.0,2
56850.0,55,63,5,4648.0,2
55267.0,69,405,13,4648.0,0
59666.0,54,1027,13,4648.0,1
72504.0,54,1478,20,4675.0,1
26872.0,45,72,4,4648.0,2
21359.0,54,48,5,4648.0,2
73170.0,51,726,15,4648.0,1
52750.0,71,860,21,4738.0,1
91820.0,40,1497,22,4648.0,1
65968.0,56,495,16,4126.0,0
30772.0,50,20,3,4128.0,0
22507.0,72,570,16,4648.0,0
65685.0,54,769,20,4648.0,1
25804.0,48,55,5,4821.0,2
76412.0,46,1808,17,4705.0,1
22063.0,54,55,5,4610.0,2
57091.0,65,577,17,4648.0,0
78353.0,67,1576,23,4648.0,1
93404.0,72,1616,14,4644.0,1
37859.0,64,36,4,4495.0,0
80995.0,68,1482,21,4521.0,1
16529.0,42,22,4,4462.0,2
55412.0,50,63,5,4648.0,2
48789.0,34,680,17,4913.0,2
56575.0,59,542,17,4705.0,1
25130.0,46,50,5,4789.0,2
35441.0,59,39,4,4648.0,2
71391.0,70,1043,23,4648.0,1
49494.0,54,385,12,4648.0,0
81702.0,46,1633,26,4648.0,1
45889.0,46,46,4,4792.0,2
56628.0,49,761,18,4648.0,1
34026.0,76,76,6,4702.0,2
40049.0,52,290,11,4648.0,2
34176.0,38,89,7,4126.0,0
19419.0,45,70,7,4911.0,2
82504.0,66,1066,16,4648.0,1
81205.0,56,2009,18,4648.0,1
61618.0,35,1345,17,4648.0,1
55284.0,70,764,20,4648.0,1
49980.0,63,195,9,4648.0,0
15072.0,46,53,7,4552.0,2
49166.0,52,368,11,4648.0,2
82347.0,69,1853,24,5033.0,1
30843.0,60,35,4,4648.0,2
46374.0,52,446,15,4648.0,0
60474.0,47,1180,24,4826.0,1
38576.0,53,41,4,4372.0,0
55357.0,41,727,19,4648.0,1
37758.0,60,40,4,5095.0,2
85710.0,37,1062,25,4705.0,1
23228.0,57,40,5,4648.0,2
44602.0,57,292,11,4648.0,2
7500.0,39,15,3,4586.0,2
38683.0,37,341,11,5095.0,2
49514.0,51,369,11,4648.0,2
57906.0,53,401,14,4520.0,0
43456.0,60,393,14,4648.0,0
19485.0,40,10,3,4648.0,2
53172.0,48,486,13,4674.0,2
30545.0,47,69,5,4648.0,2
70123.0,43,1727,16,4648.0,1
62450.0,67,995,14,4313.0,0
21675.0,50,45,7,4155.0,0
42395.0,45,182,8,4371.0,0
61346.0,48,989,22,4669.0,1
80812.0,73,1677,17,4648.0,1
42835.0,55,595,16,4648.0,0
39922.0,43,156,7,4648.0,2
86424.0,70,1226,27,4341.0,1
17117.0,48,128,7,4648.0,2
24762.0,54,86,6,4190.0,0
35797.0,51,68,5,4648.0,2
36627.0,51,16,3,4648.0,2
51111.0,45,55,5,4648.0,2
82072.0,56,2018,18,4792.0,1
46231.0,73,263,11,4648.0,0
42243.0,67,55,5,4514.0,0
51195.0,64,564,16,4826.0,1
68092.0,48,1281,18,4648.0,1
31814.0,53,83,5,4585.0,2
51390.0,61,353,12,4974.0,2
76630.0,43,1003,24,4648.0,1
26868.0,35,14,3,4648.0,2
55260.0,54,1139,23,4849.0,1
64090.0,70,797,19,4641.0,1
78331.0,68,1638,23,4648.0,1
37087.0,52,401,14,4518.0,0
21846.0,40,84,7,4648.0,2
81320.0,68,928,17,4677.0,1
54137.0,56,203,9,4648.0,2
66825.0,59,858,15,4648.0,1
57100.0,53,409,12,4728.0,2
58917.0,57,282,11,4648.0,0
85072.0,49,1423,17,4218.0,0
86429.0,65,1449,18,4648.0,1
45684.0,55,28,3,4787.0,2
47889.0,52,67,5,4374.0,0
45921.0,40,199,9,4189.0,0
78420.0,60,1453,21,4648.0,1
75114.0,34,1253,18,4638.0,1
52278.0,63,1198,25,4648.0,1
35641.0,54,178,8,4648.0,2
95529.0,32,1990,17,5124.0,1
62820.0,72,976,13,4521.0,0
73113.0,66,1001,14,4648.0,1
42607.0,72,350,12,4648.0,0
74637.0,72,1650,24,4648.0,1
46015.0,71,46,4,4648.0,2
72354.0,33,1228,18,4648.0,1
39858.0,57,95,6,4648.0,2
34469.0,78,62,6,4370.0,0
83033.0,40,1761,25,4648.0,1
24401.0,47,467,13,4648.0,2
77583.0,48,1149,18,4190.0,0
74116.0,44,2052,18,4648.0,1
68397.0,50,1416,20,4648.0,1
79632.0,52,1113,19,4249.0,0
46107.0,37,125,6,4190.0,0
64950.0,75,966,23,4853.0,1
25443.0,37,32,4,4648.0,2
32892.0,55,46,6,4648.0,2
71796.0,55,960,16,4648.0,1
67536.0,56,1829,27,4648.0,1
55239.0,55,779,23,4648.0,1
60554.0,51,811,21,4579.0,1
64831.0,74,1120,14,4551.0,1
56067.0,64,725,18,4648.0,1
82025.0,43,1187,11,4648.0,1
94384.0,73,2302,18,4737.0,1
14906.0,40,66,6,4648.0,2
51563.0,39,1250,18,5186.0,1
57937.0,44,683,17,4648.0,1
68274.0,47,305,11,4648.0,0
39771.0,49,50,5,4667.0,2
67893.0,51,995,14,5186.0,1
27922.0,47,41,5,4187.0,0
52190.0,50,77,6,4248.0,0
44051.0,53,171,8,4648.0,2
42767.0,55,131,6,4521.0,0
46106.0,50,54,4,4156.0,0
16927.0,50,53,7,4555.0,2
59754.0,61,475,13,5184.0,1
53700.0,74,694,18,4648.0,1
59041.0,53,96,6,4279.0,0
54237.0,69,361,12,4648.0,0
70647.0,59,1079,24,4648.0,1
52597.0,64,578,17,4279.0,0
41021.0,57,64,5,4648.0,2
40233.0,51,149,8,4648.0,2
50183.0,46,231,10,4648.0,2
54753.0,67,728,18,4487.0,0
92955.0,53,1778,22,4648.0,1
33471.0,53,93,7,4851.0,2
34596.0,52,23,3,4648.0,2
44010.0,46,662,18,4648.0,0
84219.0,38,1198,17,4432.0,1
40706.0,58,81,7,4648.0,2
15716.0,38,92,7,4850.0,2
59052.0,67,491,15,4648.0,0
80573.0,55,1564,23,4648.0,1
83715.0,64,926,23,4404.0,1
82576.0,67,1910,18,5188.0,1
35704.0,74,94,6,4405.0,0
53103.0,72,1085,23,4487.0,1
46779.0,66,23,3,4489.0,0
4861.0,61,6,0,4648.0,2
33462.0,47,54,5,4641.0,2
80763.0,76,1415,22,4648.0,1
65352.0,52,405,14,4648.0,0
82170.0,48,1908,18,4648.0,1
75759.0,57,2486,25,4648.0,1
79689.0,50,1315,26,4491.0,1
35340.0,70,45,5,4648.0,2
85683.0,72,1789,16,4648.0,1
24884.0,54,19,3,4648.0,2
42021.0,45,573,17,4648.0,2
64449.0,37,805,20,4648.0,1
64587.0,72,108,6,4648.0,0
75437.0,48,1493,22,4576.0,1
52845.0,53,936,22,4648.0,1
46086.0,70,343,12,4760.0,0
78028.0,70,528,19,4913.0,1
95169.0,39,1901,11,4577.0,1
56337.0,45,724,17,4648.0,1
22434.0,39,58,5,4648.0,2
36930.0,72,297,11,4648.0,0
36130.0,72,488,15,4797.0,0
65569.0,73,859,21,5064.0,1
19514.0,58,69,6,4648.0,2
36736.0,63,17,3,4552.0,2
77568.0,47,2194,20,4648.0,1
49187.0,50,116,7,4160.0,0
30168.0,48,279,11,4646.0,2
34053.0,58,103,6,4913.0,2
38196.0,55,44,6,4648.0,2
59412.0,75,406,14,4648.0,0
70924.0,61,1363,19,4280.0,0
54165.0,57,236,10,4648.0,0
32300.0,53,39,4,4770.0,2
20180.0,50,137,7,4648.0,2
34961.0,53,79,7,4648.0,2
28440.0,52,63,5,4642.0,2
64504.0,73,1314,18,4737.0,1
33564.0,60,71,5,4648.0,2
17345.0,48,58,5,5125.0,2
56320.0,59,702,18,4614.0,1
28647.0,48,94,6,4648.0,2
15038.0,39,80,5,4648.0,2
32173.0,68,22,4,4822.0,2
68316.0,62,1211,27,5094.0,1
74538.0,55,1461,21,4648.0,1
91700.0,55,1968,19,4648.0,1
68695.0,57,1091,15,4648.0,1
31056.0,49,55,4,4648.0,2
28071.0,46,313,11,4648.0,2
37334.0,68,62,7,4648.0,2
46423.0,54,92,6,4648.0,2
37126.0,55,72,5,4648.0,2
47703.0,73,655,17,4648.0,0
61180.0,67,704,16,4648.0,1
38998.0,72,54,5,5125.0,2
8028.0,35,178,1,4648.0,2
76081.0,64,1033,13,4648.0,1
34728.0,40,36,4,4648.0,2
33168.0,61,122,7,4648.0,2
33585.0,60,122,6,4648.0,2
77037.0,66,1123,26,4648.0,1
35196.0,42,497,12,4648.0,2
44529.0,60,691,19,4703.0,1
28764.0,60,12,3,4339.0,0
69098.0,77,2440,24,4648.0,1
25959.0,56,56,5,4648.0,2
27100.0,43,37,4,4706.0,2
70596.0,41,968,20,5065.0,1
42557.0,52,270,11,4648.0,2
53312.0,75,278,11,4579.0,0
72228.0,74,1250,21,4648.0,1
67605.0,39,938,16,4648.0,1
62845.0,77,1178,17,5186.0,1
65196.0,68,1155,24,4648.0,1
42000.0,39,653,18,4556.0,0
35860.0,53,49,4,4648.0,2
65526.0,62,506,16,4157.0,0
16860.0,65,38,5,4852.0,2
83528.0,34,1650,22,4460.0,1
64176.0,61,1826,25,5128.0,1
22304.0,70,18,3,5097.0,2
67023.0,48,906,23,4372.0,1
70713.0,60,1477,19,5124.0,1
59925.0,71,766,20,4648.0,1
39722.0,73,47,5,4648.0,2
46610.0,68,467,13,4648.0,0
88347.0,65,2116,20,4764.0,1
87171.0,45,1298,24,4825.0,1
26907.0,50,22,4,4648.0,2
50014.0,58,396,13,4648.0,0
41014.0,48,20,3,4648.0,2
66294.0,61,967,12,4648.0,1
36715.0,55,357,13,4648.0,2
79456.0,70,1401,15,4648.0,1
40479.0,44,15,3,4648.0,2
75345.0,56,2087,19,4797.0,1
54233.0,49,981,22,4738.0,1
24163.0,56,17,4,4486.0,2
84460.0,68,523,22,4739.0,1
43776.0,43,23,3,4401.0,2
71691.0,68,1192,16,4648.0,1
85844.0,53,1958,19,4648.0,1
39190.0,52,133,7,4648.0,2
38578.0,54,73,6,4648.0,2
57236.0,61,121,7,4128.0,0
61825.0,47,424,14,4641.0,0
79803.0,68,868,12,4428.0,0
80910.0,40,756,14,4648.0,1
27590.0,44,12,3,4648.0,2
56775.0,47,937,23,4798.0,1
83829.0,51,1862,17,4608.0,1
54210.0,47,367,12,4648.0,2
38508.0,40,443,14,4791.0,2
53187.0,56,267,11,4648.0,0
30023.0,54,61,5,4648.0,2
76045.0,66,1323,20,4648.0,1
50870.0,74,63,5,4648.0,0
65463.0,52,562,17,4648.0,1
66480.0,61,312,12,4648.0,0
76773.0,72,1156,15,4648.0,1
81698.0,43,1104,15,4827.0,1
54466.0,53,16,3,4220.0,0
16269.0,42,44,6,4648.0,2
71819.0,55,1574,11,4648.0,1
33569.0,43,63,4,4648.0,2
36262.0,43,426,11,4648.0,2
22634.0,60,96,5,4648.0,2
47025.0,48,635,18,4487.0,0
70566.0,58,757,20,4669.0,1
31605.0,47,125,7,4648.0,2
52034.0,53,332,11,4648.0,2
48526.0,47,135,7,4648.0,2
46734.0,72,330,12,4648.0,0
39552.0,64,384,13,4648.0,0
86358.0,60,1722,14,4975.0,1
46931.0,49,78,5,4648.0,2
16581.0,41,24,3,4495.0,2
63998.0,74,1168,24,4648.0,1
67381.0,75,957,13,4648.0,1
25930.0,59,15,3,4547.0,2
42693.0,48,57,4,4278.0,0
85606.0,50,1956,22,4850.0,1
72903.0,41,2013,20,4648.0,1
49669.0,52,326,12,4648.0,2
36778.0,58,77,6,5067.0,2
85696.0,64,1313,19,4766.0,1
49678.0,65,315,12,4797.0,2
37155.0,37,74,6,4648.0,2
21282.0,48,46,5,4156.0,0
33419.0,64,86,6,4648.0,2
63285.0,81,1103,24,4699.0,1
21255.0,52,61,7,4648.0,2
42162.0,45,145,7,4648.0,2
54450.0,70,684,19,4648.0,1
57744.0,72,411,14,4485.0,0
26576.0,40,27,3,4648.0,2
57513.0,83,1060,25,4672.0,1
68142.0,62,1459,21,4648.0,1
7500.0,47,18,3,4648.0,2
83145.0,52,1833,25,4648.0,1
54197.0,66,237,10,4402.0,0
23091.0,63,48,6,4648.0,2
46049.0,50,515,16,4648.0,0
56715.0,52,1020,14,5063.0,1
79410.0,65,1370,10,4648.0,1
57304.0,75,1026,23,4523.0,1
44375.0,61,301,11,4648.0,0
59594.0,61,499,16,4648.0,0
80685.0,32,1004,20,4648.0,1
40344.0,52,218,10,4648.0,2
62710.0,54,606,18,4648.0,1
48985.0,58,75,5,4703.0,2
35322.0,58,106,6,4648.0,2
77142.0,78,990,16,4648.0,1
81657.0,57,1097,15,4648.0,1
14421.0,30,16,3,4648.0,2
74214.0,36,1711,15,4648.0,1
66726.0,69,438,14,4130.0,0
23724.0,47,75,5,4617.0,2
47353.0,66,225,10,4648.0,0
33444.0,74,18,3,5125.0,2
54386.0,45,470,15,4648.0,0
28510.0,45,91,6,4648.0,2
90638.0,35,2525,17,4648.0,1
48070.0,76,504,16,4648.0,0
43140.0,69,235,10,4709.0,0
54959.0,65,1232,18,4648.0,1
15056.0,68,88,7,4766.0,2
26954.0,55,17,3,4248.0,0
22327.0,41,24,4,4791.0,2
44393.0,61,60,5,4648.0,2
62000.0,74,1020,25,4648.0,1
31497.0,64,155,8,5032.0,2
45894.0,52,51,4,4648.0,2
78579.0,56,1812,15,4648.0,1
67369.0,57,1461,21,4648.0,1
58401.0,66,96,5,4648.0,0
62307.0,74,160,8,4648.0,0
43641.0,57,139,7,4648.0,2
70091.0,57,1161,17,4648.0,1
78075.0,54,988,13,4341.0,0
59184.0,65,1072,24,4943.0,1
54809.0,49,174,8,4517.0,0
58113.0,67,758,19,4648.0,1
51412.0,68,195,9,4648.0,0
66636.0,69,1084,16,4648.0,1
50965.0,70,685,19,4648.0,1
18351.0,36,43,5,4648.0,2
40451.0,69,49,4,4648.0,2
36317.0,61,133,7,4648.0,2
42213.0,69,363,13,4486.0,0
65748.0,71,545,16,4648.0,0
77044.0,54,1065,29,4648.0,1
74918.0,57,2047,20,4493.0,1
56721.0,54,296,10,4648.0,0
42160.0,51,140,7,4648.0,2
61559.0,61,530,16,4648.0,0
33629.0,63,152,8,4975.0,2
34377.0,63,114,6,4648.0,2
8940.0,40,101,7,4648.0,2
26228.0,53,25,3,4648.0,2
77297.0,69,789,21,4648.0,1
40211.0,45,87,5,4648.0,2
33438.0,68,90,7,4648.0,2
75032.0,67,1215,18,4648.0,1
61284.0,71,811,21,4486.0,0
22518.0,40,61,5,4648.0,2
54730.0,51,405,13,4648.0,0
38452.0,71,72,6,4648.0,2
44421.0,55,189,9,4648.0,2
38197.0,40,40,4,4648.0,2
41986.0,48,63,7,4220.0,0
28427.0,43,52,5,4648.0,2
37395.0,50,39,4,4429.0,2
64722.0,55,805,21,4648.0,1
55249.0,70,130,7,4648.0,0
84906.0,54,1631,23,4730.0,1
44213.0,74,152,8,4648.0,0
25707.0,42,21,4,4648.0,2
59062.0,59,71,5,4761.0,2
76624.0,64,899,22,4648.0,1
66000.0,79,711,9,4648.0,0
27683.0,48,351,12,5097.0,2
1730.0,55,8,0,4648.0,2
7500.0,34,119,7,5124.0,2
40521.0,58,21,3,4706.0,2
20427.0,53,10,3,4648.0,2
65106.0,51,973,24,4648.0,1
69969.0,61,1536,12,4648.0,1
67433.0,74,992,24,4648.0,1
77766.0,59,1529,32,4648.0,1
74716.0,54,860,15,4487.0,0
55158.0,56,418,14,4648.0,0
62972.0,71,587,14,5128.0,1
74190.0,51,641,17,4126.0,0
39356.0,50,23,3,4648.0,2
76653.0,57,2279,22,4648.0,1
90687.0,43,1779,16,4648.0,1
73450.0,44,1804,26,4698.0,1
31454.0,66,48,5,4672.0,2
47139.0,74,83,5,4311.0,0
53378.0,63,793,19,4648.0,1
19656.0,56,84,6,4616.0,2
45579.0,78,183,9,4648.0,0
85485.0,68,1383,18,4648.0,1
55956.0,82,999,14,4280.0,0
64191.0,63,825,21,4648.0,1
38808.0,54,246,10,4648.0,2
57183.0,60,610,17,4648.0,1
23748.0,58,76,6,4648.0,2
66303.0,55,1286,18,4648.0,1
37368.0,51,30,3,4648.0,2
40800.0,62,99,6,4829.0,2
71847.0,48,1192,22,4648.0,1
46149.0,51,362,13,4648.0,2
78687.0,43,2130,18,4944.0,1
49118.0,55,1229,26,4648.0,1
37633.0,69,38,4,4648.0,2
39767.0,75,485,15,4648.0,0
26997.0,75,434,11,5064.0,2
33986.0,56,44,4,4648.0,2
57091.0,54,496,16,4648.0,0
46831.0,57,78,5,4612.0,2
83151.0,54,2346,22,4555.0,1
52531.0,55,794,19,4648.0,1
15759.0,70,17,3,4701.0,2
43050.0,53,76,6,4648.0,2
42997.0,49,15,3,4637.0,2
48918.0,63,62,5,4127.0,0
60033.0,72,198,8,4648.0,0
34043.0,48,49,4,4648.0,2
57811.0,60,802,20,4648.0,1
78569.0,80,1736,14,4648.0,1
7500.0,48,57,6,4648.0,2
157733.0,55,59,2,4734.0,1
23148.0,41,37,5,4648.0,2
44267.0,56,310,11,4648.0,2
71626.0,47,1305,18,5185.0,1
60894.0,60,832,21,4648.0,1
50200.0,50,401,13,4767.0,2
81051.0,61,1501,22,4648.0,1
65169.0,44,1189,27,4648.0,1
59868.0,54,1194,25,4648.0,1
65695.0,66,656,19,4648.0,1
64857.0,70,1540,22,4648.0,1
45143.0,61,311,12,4648.0,0
74805.0,71,820,21,4668.0,1
59060.0,37,274,11,4160.0,0
27238.0,64,57,6,4648.0,2
47009.0,61,448,13,4820.0,2
46094.0,53,44,4,4186.0,0
37235.0,42,61,4,4463.0,2
81843.0,66,1643,26,4648.0,1
46692.0,68,397,12,4673.0,0
77382.0,58,1121,24,4283.0,1
37774.0,49,473,12,5127.0,2
18393.0,52,50,6,4648.0,2
72828.0,64,1678,22,4648.0,1
24711.0,44,58,6,4648.0,2
45503.0,51,170,8,4648.0,2
6560.0,44,373,2,4484.0,2
71604.0,81,1196,16,4648.0,1
27244.0,47,101,6,4281.0,0
48752.0,57,316,12,4849.0,2
71434.0,64,1400,18,4648.0,1
90842.0,78,1424,26,4648.0,1
88097.0,48,844,19,4648.0,1
51948.0,51,311,11,4648.0,2
71853.0,44,1149,16,4613.0,1
35876.0,43,129,7,4648.0,2
40049.0,74,32,4,4648.0,2
39660.0,44,299,11,4975.0,2
50127.0,64,320,12,4648.0,0
43263.0,49,441,13,4648.0,2
62845.0,77,1178,17,5186.0,1
18929.0,36,85,5,4648.0,2
24367.0,44,24,3,4648.0,2
26887.0,67,30,4,4555.0,2
62061.0,50,800,21,4648.0,1
76542.0,70,1483,22,4648.0,1
70515.0,33,1258,16,4648.0,1
18227.0,39,28,3,4972.0,2
69139.0,61,227,10,4648.0,0
69109.0,44,1555,19,4941.0,1
69627.0,64,861,21,4648.0,1
38136.0,48,103,6,4648.0,2
62159.0,80,634,18,4648.0,1
80695.0,63,1918,18,4648.0,1
33316.0,55,131,7,4730.0,2
58554.0,58,586,16,4648.0,0
17256.0,34,62,5,4648.0,2
53034.0,52,447,14,4648.0,0
52203.0,76,939,26,4648.0,1
59601.0,49,797,11,4648.0,0
75154.0,68,1143,15,5096.0,1
47025.0,50,415,14,4638.0,0
37971.0,53,30,4,4648.0,2
67267.0,68,251,10,4648.0,0
57338.0,51,237,10,4648.0,2
50523.0,66,91,6,4648.0,2
50611.0,66,493,16,5095.0,1
56242.0,57,971,23,4768.0,1
48904.0,66,371,13,5153.0,2
56243.0,51,396,14,4648.0,0
21355.0,41,68,5,4648.0,2
57420.0,55,322,12,4648.0,0
51381.5,56,317,12,4826.0,2
46390.0,71,222,9,4340.0,0
54342.0,70,177,8,4764.0,2
51381.5,68,45,4,5127.0,2
51381.5,62,21,3,4130.0,0
20895.0,53,45,5,5034.0,2
92344.0,78,1899,20,4648.0,1
51381.5,54,42,4,4431.0,0
44964.0,46,41,4,4648.0,2
53761.0,54,325,11,4516.0,0
22682.0,53,95,7,4761.0,2
38887.0,54,42,4,4431.0,0
41658.0,51,72,4,4941.0,2
29791.0,54,20,5,4648.0,2
63915.0,70,789,21,4648.0,1
39996.0,52,15,3,4648.0,2
26759.0,54,59,6,4282.0,0
51039.0,57,417,12,4910.0,2
60544.0,65,289,11,4648.0,0
37716.0,73,188,8,4648.0,0
36864.0,69,354,11,4648.0,0
44511.0,56,727,20,4851.0,1
36947.0,59,146,7,5006.0,2
67087.0,73,794,20,4648.0,1
57045.0,76,454,15,4974.0,1
36957.0,73,152,7,5035.0,2
69389.0,49,797,21,4648.0,1
43142.0,57,20,3,4648.0,2
80589.0,82,1428,20,4648.0,1
34412.0,36,209,8,4648.0,2
57537.0,47,545,15,4551.0,0
51315.0,78,222,9,4648.0,0
36026.0,54,61,5,4648.0,2
24639.0,53,44,6,4648.0,2
34578.0,54,8,3,4157.0,0
65704.0,54,817,22,4648.0,1
54132.0,57,42,4,4648.0,2
28164.0,56,78,6,4735.0,2
34596.0,52,23,3,4648.0,2
43269.0,54,19,3,4648.0,2
38741.0,68,61,5,4648.0,2
31907.0,54,449,13,4737.0,2
31163.0,53,38,4,4648.0,2
92533.0,41,1131,22,4648.0,1
34853.0,53,34,5,4648.0,2
70844.0,59,294,12,4648.0,0
31086.0,47,48,4,4735.0,2
20491.0,40,30,3,4648.0,2
42523.0,62,125,6,4648.0,2
33402.0,74,70,6,4648.0,2
36408.0,77,22,3,4648.0,2
21645.0,47,65,6,5127.0,2
78427.0,78,1930,20,4648.0,1
82657.0,80,2283,22,4648.0,1
51876.0,68,310,12,4648.0,0
78041.0,55,1319,17,4648.0,1
52852.0,69,879,22,5184.0,1
70038.0,44,1244,16,4648.0,1
69401.0,53,690,13,4648.0,0
46053.0,54,209,9,4648.0,2
77343.0,61,1134,16,4216.0,0
73892.0,73,1507,22,4648.0,1
40304.0,59,57,5,4648.0,2
32727.0,61,529,15,4648.0,0
43300.0,55,180,8,4648.0,2
26290.0,54,77,6,4495.0,2
93790.0,56,2349,25,4129.0,1
38410.0,52,534,16,4648.0,0
64866.0,76,556,17,4648.0,1
57957.0,67,637,18,4648.0,1
16531.0,48,44,6,4648.0,2
28072.0,40,47,4,4611.0,2
49476.0,63,795,18,4648.0,1
50725.0,73,586,17,4648.0,0
41145.0,76,13,3,4251.0,0
67419.0,56,1471,21,4648.0,1
23162.0,56,65,5,4648.0,2
34380.0,49,175,8,4794.0,2
34704.0,60,40,4,4648.0,2
94871.0,57,1078,17,5187.0,1
65148.0,68,1115,19,4648.0,1
39898.0,72,134,7,4494.0,0
59892.0,56,87,6,4788.0,2
41020.0,39,217,9,4648.0,2
57072.0,65,1034,25,4648.0,1
19414.0,45,32,4,4648.0,2
19107.0,46,46,4,4648.0,2
75484.0,50,1159,16,5157.0,1
70379.0,50,860,22,4768.0,1
79419.0,56,1631,14,4648.0,1
64014.0,80,444,15,4186.0,0
76998.0,71,1910,27,4525.0,1
49854.0,54,380,13,4546.0,0
60585.0,55,736,20,4648.0,1
42873.0,76,269,11,4648.0,0
87679.0,38,2524,28,4648.0,1
57867.0,48,612,18,4820.0,1
35765.0,36,75,6,4514.0,2
65492.0,67,1045,24,4648.0,1
32952.0,49,55,5,4818.0,2
53374.0,57,1064,15,4648.0,1
71706.0,67,1443,21,4648.0,1
68487.0,38,1366,29,4648.0,1
53253.0,51,436,12,4524.0,0
42014.0,49,436,14,4648.0,2
54108.0,53,747,19,5064.0,1
49667.0,71,1396,20,4648.0,1
63206.0,52,928,13,4648.0,1
57136.0,54,642,17,4580.0,0
46772.0,51,1048,24,5003.0,1
78931.0,55,943,23,4648.0,1
53977.0,68,907,22,4612.0,1
73538.0,61,1658,23,4648.0,1
79529.0,40,1638,21,4648.0,1
20981.0,49,73,6,4648.0,2
51766.0,46,275,10,4158.0,0
55759.0,64,854,21,4648.0,1
37787.0,54,106,6,4648.0,2
27242.0,56,106,5,4880.0,2
87188.0,43,1923,18,4765.0,1
69930.0,55,1662,21,4648.0,1
37697.0,50,84,6,4282.0,0
3502.0,53,5,0,4648.0,2
58597.0,50,733,20,4648.0,1
82032.0,78,1234,17,4341.0,0
28087.0,68,112,6,4879.0,2
74004.0,39,1658,14,4648.0,1
19740.0,66,55,5,4648.0,2
57036.0,51,1513,22,4879.0,1
53083.0,68,271,11,4648.0,0
69283.0,51,904,23,4648.0,1
46098.0,51,120,7,4648.0,2
23331.0,38,103,6,5096.0,2
23331.0,38,269,11,5065.0,2
9255.0,37,22,4,4648.0,2
67786.0,67,1156,15,4637.0,1
71969.0,55,1086,16,4648.0,1
59235.0,59,1128,25,4495.0,1
31928.0,37,72,7,4648.0,2
74881.0,65,964,23,4615.0,1
65819.0,48,1383,19,4648.0,1
51411.0,73,18,3,4648.0,0
51983.0,62,793,21,4648.0,1
30390.0,39,80,5,4790.0,2
30983.0,63,167,7,4941.0,2
66033.0,69,677,18,4648.0,1
37284.0,51,23,3,4648.0,2
57530.0,75,92,6,4486.0,0
76800.0,61,641,15,4250.0,0
63943.0,70,1106,16,5156.0,1
37054.0,59,25,4,4648.0,2
47175.0,64,240,10,4648.0,0
31859.0,50,20,3,4648.0,2
27215.0,65,102,7,4648.0,2
70179.0,50,1034,23,4648.0,1
24645.0,38,17,3,5185.0,2
79865.0,72,792,20,4648.0,1
44322.0,41,92,6,4648.0,2
47958.0,74,407,14,4648.0,0
63972.0,62,1269,19,5153.0,1
75315.0,72,841,21,4648.0,1
55517.0,76,633,18,4648.0,1
75283.0,69,1019,14,4648.0,1
90638.0,35,2525,17,4648.0,1
27161.0,40,52,4,4648.0,2
38201.0,66,268,11,4648.0,0
45203.0,44,147,7,4648.0,2
81574.0,79,1798,17,4648.0,1
60482.0,50,507,16,4648.0,0
34633.0,70,15,3,4648.0,2
78093.0,79,1105,16,4514.0,1
82460.0,76,974,14,4787.0,1
45903.0,60,66,6,4648.0,2
81361.0,39,778,26,4648.0,1
35860.0,53,49,4,4648.0,2
40442.0,74,169,8,4648.0,0
61482.0,61,299,11,4648.0,0
34968.0,46,221,10,4553.0,2
75794.0,39,1682,24,4648.0,1
74268.0,71,892,12,4648.0,1
13724.0,38,58,4,4648.0,2
52569.0,59,95,6,4341.0,0
48432.0,53,424,14,4648.0,0
36108.0,42,339,12,4648.0,2
76445.0,55,1410,20,4648.0,1
36663.0,51,35,5,4648.0,2
53843.0,61,562,16,4648.0,0
90226.0,70,2352,23,4648.0,1
70638.0,71,1334,19,4824.0,1
44512.0,66,32,4,4648.0,2
27116.0,65,41,5,4431.0,0
54072.0,63,39,4,4648.0,2
71855.0,49,1141,21,4648.0,1
51250.0,36,710,19,4648.0,1
60432.0,53,401,14,4219.0,0
12393.0,48,57,5,5093.0,2
64509.0,36,1722,18,4648.0,1
33955.0,51,270,11,4579.0,2
31353.0,49,31,4,4648.0,2
55434.0,42,882,21,4700.0,1
28359.0,43,16,3,4648.0,2
57100.0,39,311,12,4648.0,2
52973.0,70,1152,24,4972.0,1
51717.0,61,122,7,4648.0,2
18793.0,55,77,6,4495.0,2
50664.0,67,561,15,4648.0,0
54414.0,63,211,9,4648.0,0
54549.0,74,233,10,4403.0,0
47111.0,55,1092,15,4974.0,1
41003.0,63,601,16,4648.0,0
19444.0,44,54,7,4648.0,2
36301.0,50,78,6,4648.0,2
42731.0,57,244,10,4648.0,2
52854.0,67,116,7,4648.0,0
22775.0,48,15,3,4648.0,2
59821.0,71,734,20,4492.0,0
50002.0,72,638,17,4648.0,0
69755.0,81,894,21,4789.0,1
44078.0,57,41,5,4648.0,2
30560.0,50,31,4,4648.0,2
35924.0,57,34,4,4648.0,2
64140.0,62,1750,13,4648.0,1
56386.0,45,612,17,4648.0,1
75774.0,45,823,20,4429.0,1
39228.0,66,20,3,4552.0,2
58494.0,52,396,14,4484.0,0
58684.0,45,813,20,4648.0,1
57136.0,59,1179,19,4648.0,1
56551.0,76,138,7,4279.0,0
22448.0,44,55,6,4648.0,2
82014.0,65,1511,21,4648.0,1
34213.0,63,117,6,5005.0,2
157146.0,49,1730,28,4648.0,1
25358.0,79,32,4,4648.0,2
35544.0,48,67,5,4250.0,0
36634.0,72,335,12,4648.0,0
62670.0,72,825,21,4432.0,0
50334.0,54,694,17,4648.0,0
72066.0,45,1792,16,4648.0,1
50729.0,68,496,15,4794.0,1
34916.0,58,231,9,4648.0,2
64892.0,50,902,22,4648.0,1
43602.0,60,68,6,4191.0,0
41473.0,41,76,5,4648.0,2
63246.0,59,772,21,4648.0,1
36732.0,67,47,6,4648.0,2
37929.0,41,265,11,4648.0,2
86610.0,75,1603,17,4701.0,1
80141.0,40,2091,21,4525.0,1
69016.0,56,1533,30,4648.0,1
20193.0,35,82,6,4648.0,2
27573.0,51,244,10,4648.0,2
15862.0,47,36,4,4648.0,2
49544.0,50,404,14,4494.0,0
33228.0,46,71,5,4648.0,2
70440.0,48,1572,22,4608.0,1
38232.0,55,122,7,4648.0,2
22554.0,71,41,6,5125.0,2
23536.0,43,10,3,4369.0,2
49413.0,74,304,11,4648.0,0
42231.0,57,37,4,4648.0,2
78789.0,46,1754,15,4975.0,1
56534.0,58,815,21,4648.0,1
58350.0,55,1001,23,4739.0,1
49090.0,75,688,18,4648.0,0
61787.0,39,1319,18,4672.0,1
18169.0,41,21,3,4648.0,2
24336.0,45,31,3,4648.0,2
18222.0,36,67,5,4648.0,2
62335.0,74,708,19,4648.0,1
42033.0,55,25,3,4648.0,2
86580.0,43,746,11,4648.0,1
41437.0,69,32,4,4648.0,2
73705.0,75,1695,23,4342.0,1
61064.0,50,1080,23,4648.0,1
18358.0,37,57,7,4648.0,2
55012.0,53,660,19,4648.0,1
9722.0,53,103,7,5155.0,2
38175.0,42,153,8,4648.0,2
58656.0,70,1220,28,4648.0,1
52117.0,61,279,11,4648.0,0
64813.0,48,745,19,4433.0,0
54222.0,53,264,11,4462.0,0
83512.0,40,2157,21,4648.0,1
77520.0,67,1526,22,4648.0,1
41154.0,48,69,5,4583.0,2
80398.0,60,1597,25,4911.0,1
18746.0,34,64,6,4648.0,2
35196.0,42,497,12,4648.0,2
60230.0,70,1067,15,4648.0,1
22108.0,49,31,5,4248.0,0
44392.0,52,211,9,4701.0,2
55424.0,50,877,21,4648.0,1
17688.0,47,11,3,4648.0,2
92491.0,43,2034,24,4825.0,1
90273.0,35,1991,18,4648.0,1
82571.0,64,1686,24,4430.0,1
38513.0,44,324,12,4648.0,2
16653.0,47,69,6,4648.0,2
42586.0,71,252,11,4648.0,0
23529.0,61,54,4,4648.0,2
71107.0,75,1327,26,4648.0,1
46910.0,62,68,5,4648.0,2
37244.0,71,55,4,4648.0,2
82427.0,60,1456,20,4128.0,0
75342.0,68,563,17,4674.0,1
70044.0,72,1504,22,4648.0,1
77437.0,63,1125,22,4648.0,1
54984.0,67,358,13,4648.0,0
42403.0,55,42,4,4514.0,2
55761.0,62,184,8,4648.0,0
37292.0,43,460,14,4648.0,2
45576.0,81,145,7,4648.0,0
70321.0,79,1376,24,4648.0,1
58086.0,57,792,21,4648.0,1
81795.0,74,1382,22,4648.0,1
28389.0,79,28,3,4648.0,2
69901.0,57,882,20,4648.0,1
80360.0,77,2231,13,4768.0,1
63342.0,65,1101,16,4648.0,1
31859.0,46,48,4,4648.0,2
51569.0,77,467,15,4494.0,0
16014.0,47,38,6,4648.0,2
41120.0,58,81,6,4668.0,2
39763.0,55,167,8,4732.0,2
38725.0,71,45,5,4187.0,0
77981.0,54,664,18,4648.0,1
62905.0,62,622,17,4548.0,0
13533.0,47,48,5,4554.0,2
59481.0,51,461,14,4648.0,0
72117.0,49,1073,25,4648.0,1
21955.0,40,55,6,4640.0,2
67131.0,70,976,23,4648.0,1
36802.0,46,20,4,4648.0,2
47808.0,51,224,8,4648.0,2
25509.0,52,101,6,4648.0,2
85431.0,74,1165,16,4612.0,1
42664.0,59,24,4,4648.0,2
28973.0,49,269,11,4648.0,2
39435.0,53,102,6,4671.0,2
65370.0,42,461,18,4822.0,1
20194.0,47,47,5,4648.0,2
42473.0,50,144,7,4648.0,2
64590.0,58,1338,23,4648.0,1
71232.0,67,917,23,4648.0,1
34600.0,55,318,12,4829.0,2
46904.0,59,253,10,5125.0,2
49094.0,53,502,15,4648.0,0
36075.0,43,119,6,4575.0,2
60839.0,47,1250,16,4648.0,1
82122.0,64,1382,25,4648.0,1
34074.0,74,255,9,4648.0,0
28520.0,66,43,4,4648.0,2
62535.0,71,398,13,4761.0,0
36273.0,49,76,6,4648.0,2
63404.0,62,902,13,4308.0,0
78416.0,50,1179,24,4648.0,1
75702.0,52,1921,28,4648.0,1
59385.0,75,185,8,4648.0,0
44689.0,75,34,4,4191.0,0
7144.0,60,416,25,4637.0,0
90369.0,70,1588,16,4648.0,1
63159.0,52,1797,16,5064.0,1
46757.0,63,1143,15,4648.0,1
79734.0,57,914,13,4648.0,1
63207.0,34,1502,11,4648.0,1
72071.0,72,1338,17,4648.0,1
21840.0,43,27,4,4648.0,2
58582.0,44,763,20,4648.0,1
72282.0,75,1331,21,4648.0,1
50387.0,70,525,16,4648.0,0
32583.0,65,9,3,4648.0,2
62568.0,64,953,13,4280.0,0
44635.0,55,68,5,4516.0,2
63967.0,58,882,20,4579.0,1
52513.0,48,1149,23,5096.0,1
25293.0,57,37,4,4648.0,2
54111.0,61,388,13,4648.0,0
78394.0,40,1428,15,4648.0,1
80739.0,68,1633,23,4648.0,1
22669.0,51,173,7,4648.0,2
29236.0,39,99,7,4608.0,2
44911.0,67,215,9,4648.0,0
54693.0,64,929,23,4648.0,1
48186.0,52,219,9,4648.0,2
54809.0,49,174,8,4517.0,0
41580.0,48,92,6,4910.0,2
80336.0,56,1052,24,4578.0,1
47743.0,69,275,11,4648.0,0
62972.0,71,587,14,5128.0,1
57333.0,72,1662,22,4648.0,1
32313.0,44,159,8,4524.0,2
84953.0,73,1024,17,4765.0,1
27071.0,58,35,5,4648.0,2
68148.0,69,1042,14,4648.0,1
65735.0,61,395,14,4637.0,0
86836.0,51,557,22,4852.0,1
4023.0,63,9,0,4648.0,2
30093.0,36,69,5,4611.0,2
57705.0,60,486,15,4160.0,0
25008.0,38,34,4,4432.0,2
83257.0,31,1365,27,4648.0,1
22280.0,51,13,3,4648.0,2
72159.0,48,1401,20,4648.0,1
64260.0,65,1574,13,4525.0,1
82733.0,42,1323,19,4548.0,1
74290.0,55,1217,28,4488.0,1
58217.0,75,103,6,4648.0,0
21024.0,50,84,6,4733.0,2
70116.0,54,1536,22,4648.0,1
54006.0,41,581,16,4648.0,0
69063.0,60,928,13,5003.0,1
11448.0,51,14,3,4648.0,2
70886.0,55,960,13,4648.0,1
60208.0,53,656,18,5004.0,1
32889.0,58,55,6,4670.0,2
34738.0,42,20,4,4156.0,0
30538.0,55,367,13,5186.0,2
82326.0,49,2257,21,4189.0,1
26642.0,59,42,5,4462.0,2
69932.0,62,1049,24,4490.0,1
44503.0,54,48,5,4648.0,2
60200.0,78,685,19,4798.0,1
49638.0,74,39,4,4648.0,0
23830.0,39,43,4,4282.0,2
33051.0,67,835,18,4648.0,0
72905.0,68,1515,19,4648.0,1
69702.0,75,1039,24,4648.0,1
70300.0,51,1596,23,4648.0,1
70643.0,42,1828,17,4648.0,1
30396.0,57,34,4,4648.0,2
50616.0,58,149,8,4648.0,2
62772.0,57,946,22,4648.0,1
30298.0,41,28,5,4648.0,2
52413.0,42,450,15,5125.0,2
44155.0,69,46,4,4648.0,2
86979.0,55,1702,15,4638.0,1
76532.0,51,820,21,4578.0,1
42081.0,44,382,13,4648.0,2
88420.0,37,2069,19,4429.0,1
31158.0,41,72,5,4648.0,2
61671.0,58,732,20,4400.0,0
69719.0,52,801,10,4648.0,0
49160.0,77,236,10,4648.0,0
90933.0,72,1685,14,4648.0,1
113734.0,81,277,27,4648.0,1
22148.0,43,49,4,4648.0,2
73395.0,39,397,14,4648.0,0
29819.0,55,39,6,4648.0,2
45688.0,58,306,12,4648.0,0
60491.0,55,1028,24,4670.0,1
33235.0,40,70,6,4343.0,2
35701.0,67,46,4,4648.0,2
31535.0,46,51,4,4648.0,2
92556.0,66,1263,21,4648.0,1
67384.0,56,1490,20,4911.0,1
77870.0,59,1815,15,4648.0,1
52278.0,63,1198,25,4648.0,1
57107.0,58,416,16,4648.0,0
36038.0,45,47,6,4648.0,2
34230.0,61,21,3,4648.0,2
31878.0,49,70,5,4648.0,2
70932.0,54,909,20,4648.0,1
91249.0,70,1676,22,4648.0,1
77598.0,83,1735,25,4820.0,1
80982.0,67,1191,27,4617.0,1
22701.0,49,24,4,4701.0,2
70617.0,56,1280,13,4648.0,1
64849.0,69,1336,18,4648.0,1
62694.0,61,749,19,4648.0,1
61917.0,52,91,6,4648.0,2
67472.0,79,414,13,4648.0,0
21059.0,44,44,6,4283.0,0
29543.0,58,63,6,4461.0,0
75903.0,75,901,21,4614.0,1
34984.0,51,38,4,5035.0,2
54998.0,70,455,15,4554.0,0
54356.0,77,775,21,4648.0,1
34242.0,67,15,3,4648.0,2
25410.0,53,38,5,4648.0,2
73356.0,42,1512,21,4312.0,1
28320.0,76,43,4,4648.0,2
23763.0,49,42,4,5006.0,2
72570.0,42,1089,22,4648.0,1
34529.0,50,162,7,4648.0,2
70792.0,75,1272,17,4677.0,1
63211.0,44,1173,18,5154.0,1
83891.0,52,816,21,4648.0,1
36065.0,58,74,6,4648.0,2
51141.0,86,157,8,4611.0,0
56939.0,50,561,16,4648.0,0
80872.0,75,1336,18,4126.0,0
72335.0,50,2092,22,4648.0,1
61798.0,62,463,15,4648.0,0
76842.0,76,1130,16,4401.0,0
29478.0,50,20,4,4648.0,2
46998.0,70,377,13,4648.0,0
96843.0,36,1544,27,4648.0,1
70053.0,61,1012,23,4764.0,1
71670.0,64,1766,14,4580.0,1
44359.0,48,45,6,4648.0,2
40887.0,74,161,7,4674.0,0
48877.0,60,144,7,4344.0,0
74485.0,79,1734,25,4648.0,1
64474.0,54,823,20,4648.0,1
77226.0,63,1138,26,4648.0,1
72643.0,77,1429,20,4648.0,1
85738.0,48,1371,20,4648.0,1
55686.0,60,982,14,4648.0,1
39062.0,43,44,4,4648.0,2
40794.0,51,434,14,4645.0,2
4428.0,57,359,25,4700.0,2
32632.0,63,576,16,5157.0,2
38236.0,58,88,7,4648.0,2
36781.0,47,63,5,4188.0,0
31385.0,42,27,3,5063.0,2
24570.0,42,193,8,4648.0,2
94642.0,75,2211,21,4129.0,1
58646.0,64,140,7,4551.0,0
53201.0,51,415,14,4494.0,0
57113.0,48,263,10,4677.0,2
51373.0,35,393,11,4648.0,2
23477.0,40,147,7,4648.0,2
58116.0,70,443,14,4648.0,0
72968.0,63,1958,18,4648.0,1
39791.0,55,174,8,4648.0,2
91712.0,79,2217,27,4648.0,1
94472.0,68,1691,15,4402.0,1
13672.0,66,25,4,4648.0,2
96547.0,46,809,21,4648.0,1
79205.0,51,895,15,4648.0,1
56559.0,51,484,15,4648.0,0
32644.0,53,413,14,4648.0,2
67506.0,46,331,11,4433.0,0
24206.0,56,25,4,4615.0,2
28420.0,59,13,3,4648.0,2
22979.0,56,115,7,5035.0,2
33279.0,60,16,3,4125.0,0
30368.0,49,52,5,4638.0,2
63684.0,56,1464,20,4648.0,1
41638.0,62,441,13,4648.0,0
68805.0,67,283,11,4648.0,0
65814.0,60,747,20,4431.0,0
71964.0,68,1870,16,4648.0,1
39146.0,40,165,8,4648.0,2
96876.0,49,1941,23,4671.0,1
34445.0,45,839,21,4648.0,1
68281.0,68,1655,24,5006.0,1
36790.0,43,66,5,4827.0,2
27943.0,59,37,5,4648.0,2
22263.0,75,21,4,4648.0,2
30261.0,54,22,3,4648.0,2
28587.0,48,78,6,4129.0,0
43815.0,44,79,5,4706.0,2
48195.0,70,265,11,4648.0,0
77027.0,74,1175,17,4343.0,0
71322.0,61,1305,26,4648.0,1
32765.0,47,46,6,4648.0,2
23272.0,73,46,4,4648.0,2
49912.0,77,874,22,5005.0,1
7500.0,41,100,6,5188.0,2
68117.0,79,930,23,4554.0,1
67225.0,71,868,20,4648.0,1
17649.0,50,45,6,4485.0,2
55914.0,51,1260,25,4648.0,1
40059.0,42,414,11,4648.0,2
60905.0,76,392,13,4698.0,0
75330.0,49,1109,25,5095.0,1
60689.0,75,639,18,4824.0,1
38680.0,42,79,5,4648.0,2
61416.0,44,1665,23,4616.0,1
49767.0,35,692,17,4794.0,2
83273.0,56,1392,19,4648.0,1
29009.0,45,44,5,4648.0,2
45057.0,47,50,5,4818.0,2
37150.0,55,467,13,4882.0,2
43020.0,56,223,9,4648.0,2
53154.0,67,158,8,4216.0,0
65308.0,53,1211,27,4517.0,1
76467.0,56,1575,12,4648.0,1
81044.0,79,1208,21,4648.0,1
32871.0,75,43,4,4584.0,0
55801.0,51,527,15,4648.0,0
76320.0,67,932,13,4648.0,1
36927.0,71,71,6,4428.0,0
48794.0,73,54,4,4648.0,0
23478.0,61,129,6,4648.0,2
71128.0,53,1615,24,5034.0,1
59462.0,76,1088,23,4709.0,1
51381.5,57,721,18,4648.0,1
51381.5,45,47,6,4648.0,2
42554.0,48,41,5,4495.0,2
67046.0,75,993,13,4678.0,1
42192.0,78,100,6,4670.0,0
77610.0,74,1680,15,4648.0,1
31761.0,42,98,7,4341.0,0
34350.0,47,48,4,4648.0,2
54591.0,77,519,16,4702.0,0
71866.0,70,715,19,4648.0,1
69520.0,43,1455,20,4642.0,1
64713.0,56,602,17,4282.0,0
27889.0,49,26,4,4703.0,2
22123.0,66,102,6,4648.0,2
51381.5,55,97,6,4768.0,2
51381.5,72,207,9,4648.0,0
27803.0,53,176,7,4648.0,2
51381.5,71,450,12,4648.0,0
51651.0,66,433,13,5003.0,2
51381.5,83,1564,21,4648.0,1
87000.0,34,961,17,4648.0,1
79823.0,67,1518,22,4648.0,1
30828.0,46,56,6,4730.0,2
34109.0,55,22,3,4668.0,2
53367.0,52,400,14,4648.0,0
22390.0,57,26,3,4648.0,2
71322.0,50,350,12,4429.0,0
79244.0,33,1216,21,4648.0,1
48699.0,76,40,4,4648.0,0
80144.0,51,1367,18,4648.0,1
54252.0,70,264,10,4648.0,0
81929.0,50,2053,18,4648.0,1
76068.0,51,1376,9,4648.0,1
53204.0,50,45,4,4648.0,2
14796.0,42,51,4,4648.0,2
78128.0,52,1264,18,4648.0,1
14188.0,54,75,6,4648.0,2
72967.0,56,497,17,4648.0,1
48150.0,77,266,10,4612.0,0
82332.0,65,2006,20,4648.0,1
58275.0,71,615,17,4793.0,1
44953.0,45,1021,23,4648.0,1
34587.0,73,22,4,4648.0,2
43018.0,52,133,6,4819.0,2
45736.0,72,437,14,4648.0,0
66476.0,57,1013,24,4728.0,1
27733.0,45,57,5,4648.0,2
69805.0,74,1038,25,4648.0,1
72217.0,64,1573,21,4553.0,1
25818.0,55,28,3,4648.0,2
37509.0,50,123,7,4852.0,2
25176.0,50,13,3,4549.0,2
43586.0,46,132,7,4648.0,2
53230.0,70,732,19,5128.0,1
50116.0,69,66,5,4648.0,0
82333.0,40,1822,17,4648.0,1
65220.0,61,1282,19,5127.0,1
33590.0,52,8,3,4760.0,2
72309.0,50,1931,19,4523.0,1
156924.0,77,8,0,4648.0,0
16005.0,46,103,5,4648.0,2
65487.0,69,1169,14,4191.0,0
58692.0,61,395,14,4310.0,0
40590.0,57,258,10,4789.0,2
62637.0,72,185,9,4462.0,0
29435.0,60,180,7,5036.0,2
19346.0,52,22,4,4648.0,2
35788.0,55,44,5,4648.0,2
36997.0,58,94,7,4828.0,2
23539.0,69,81,6,4648.0,2
65333.0,53,798,21,4648.0,1
78499.0,69,1334,18,4648.0,1
29732.0,55,38,4,4648.0,2
41275.0,66,61,7,4648.0,2
63516.0,53,300,12,4672.0,0
42769.0,64,88,6,4486.0,0
49572.0,68,54,5,4648.0,2
69209.0,54,1782,14,4648.0,1
17148.0,50,68,7,4648.0,2
32146.0,43,66,6,4126.0,0
41713.0,62,174,8,4648.0,2
34176.0,51,28,4,4648.0,2
58482.0,71,731,20,4128.0,0
59686.0,61,274,11,4648.0,0
60896.0,62,1701,23,4881.0,1
62994.0,46,312,12,4372.0,0
47320.0,69,414,14,4822.0,2
74859.0,77,1565,22,4765.0,1
15253.0,34,29,4,4648.0,2
31560.0,52,94,6,4648.0,2
91172.0,36,1092,14,4648.0,1
90000.0,42,1479,17,4648.0,1
41967.0,45,54,4,4648.0,2
69263.0,61,568,17,4342.0,0
65706.0,56,1199,26,4648.0,1
60934.0,51,873,21,4648.0,1
71965.0,75,1213,14,4648.0,1
65210.0,71,731,20,4189.0,0
79174.0,51,2043,18,4525.0,1
81380.0,59,1893,16,4648.0,1
48432.0,53,424,14,4648.0,0
52914.0,55,575,13,4648.0,0
26067.0,52,56,6,4729.0,2
44325.0,54,542,17,4646.0,0
26487.0,48,69,6,4648.0,2
53233.0,69,40,4,4648.0,0
67716.0,66,1016,24,4556.0,1
76234.0,54,907,22,4312.0,0
84117.0,70,1566,23,4156.0,1
65487.0,69,1169,14,4191.0,0
25224.0,54,46,5,4648.0,2
89616.0,43,1644,24,4648.0,1
40851.0,55,59,4,4648.0,2
27469.0,79,17,3,5157.0,2
82347.0,69,1853,24,5033.0,1
73803.0,69,1528,20,5188.0,1
8820.0,74,35,6,4648.0,2
43322.0,52,141,7,4648.0,2
55593.0,53,546,15,4648.0,0
50501.0,72,500,13,4648.0,0
37085.0,51,61,6,4648.0,2
16185.0,36,106,6,4702.0,2
57731.0,57,704,22,4648.0,1
48432.0,53,424,14,4648.0,0
73807.0,48,849,21,4798.0,1
35893.0,58,199,9,4648.0,2
61014.0,46,1147,16,4883.0,1
32144.0,72,54,6,4648.0,2
14918.0,63,43,4,5002.0,2
45146.0,63,53,4,4648.0,2
41769.0,71,521,16,4648.0,0
88325.0,45,1623,17,4343.0,1
38054.0,76,45,5,4460.0,0
80617.0,31,1435,18,4851.0,1
5305.0,50,32,1,4648.0,2
36807.0,72,16,3,4648.0,2
40101.0,41,415,13,4648.0,2
58025.0,47,470,15,4648.0,0
7500.0,47,53,7,4644.0,2
33562.0,63,51,6,4648.0,2
57642.0,56,679,19,4221.0,0
63777.0,47,653,18,4648.0,1
57967.0,64,468,14,4768.0,1
51381.5,48,1679,1,4853.0,2
24434.0,54,50,5,4648.0,2
11012.0,42,84,6,4648.0,2
44802.0,56,1049,25,4648.0,1
26816.0,40,22,3,4648.0,2
666666.0,49,62,7,4793.0,1
61223.0,59,1341,16,4648.0,1
56981.0,45,1241,18,4648.0,1
69245.0,70,843,21,4648.0,1
52869.0,72,172,8,4648.0,0
